URL,Target,Status Code
https://coalbanks.com/news,https://www.coalbanks.com/blog/,301
https://coalbanks.com/contact-us,https://www.coalbanks.com/contact/,301
https://coalbanks.com/about-coalbanks-creative,https://www.coalbanks.com/about/,301
https://coalbanks.com/author/mwarf,https://www.coalbanks.com/about/,301
https://coalbanks.com/category/featured,https://www.coalbanks.com/portfolio/,301
https://coalbanks.com/privacy-policy,https://www.coalbanks.com/,301
https://coalbanks.com/cookie-policy,https://www.coalbanks.com/,301
https://coalbanks.com/terms-of-service,https://www.coalbanks.com/,301
https://coalbanks.com/Featured/spotlighting-mycitycares-cinderella-project,https://www.coalbanks.com/portfolio/cinderella-project-mycitycare/,301
https://coalbanks.com/Featured/for-the-love-of-lethbridge-video,https://www.coalbanks.com/portfolio/for-the-love-of-lethbridge/,301
https://coalbanks.com/Featured/lethbridge-video-production-team,https://www.coalbanks.com/portfolio/team-lethbridge-mission-edl/,301
https://coalbanks.com/Featured/coalbanks-helps-cbc-make-a-strong-first-impression,https://www.coalbanks.com/portfolio/,301
https://coalbanks.com/2022,https://www.coalbanks.com/blog/,301
https://coalbanks.com/2023,https://www.coalbanks.com/blog/,301
https://coalbanks.com/2023/05,https://www.coalbanks.com/blog/,301
https://coalbanks.com/wp-admin,https://www.coalbanks.com/,301
https://coalbanks.com/wp-login.php,https://www.coalbanks.com/,301
https://coalbanks.com/xmlrpc.php,https://www.coalbanks.com/,301
https://www.coalbanks.com/news,https://www.coalbanks.com/blog/,301
https://www.coalbanks.com/contact-us,https://www.coalbanks.com/contact/,301
https://www.coalbanks.com/about-coalbanks-creative,https://www.coalbanks.com/about/,301
https://www.coalbanks.com/author/mwarf,https://www.coalbanks.com/about/,301
https://www.coalbanks.com/category/featured,https://www.coalbanks.com/portfolio/,301
https://www.coalbanks.com/privacy-policy,https://www.coalbanks.com/,301
https://www.coalbanks.com/cookie-policy,https://www.coalbanks.com/,301
https://www.coalbanks.com/terms-of-service,https://www.coalbanks.com/,301
https://www.coalbanks.com/Featured/spotlighting-mycitycares-cinderella-project,https://www.coalbanks.com/portfolio/cinderella-project-mycitycare/,301
https://www.coalbanks.com/Featured/for-the-love-of-lethbridge-video,https://www.coalbanks.com/portfolio/for-the-love-of-lethbridge/,301
https://www.coalbanks.com/Featured/lethbridge-video-production-team,https://www.coalbanks.com/portfolio/team-lethbridge-mission-edl/,301
https://www.coalbanks.com/Featured/coalbanks-helps-cbc-make-a-strong-first-impression,https://www.coalbanks.com/portfolio/,301
https://www.coalbanks.com/2022,https://www.coalbanks.com/blog/,301
https://www.coalbanks.com/2023,https://www.coalbanks.com/blog/,301
https://www.coalbanks.com/2023/05,https://www.coalbanks.com/blog/,301
https://www.coalbanks.com/wp-admin,https://www.coalbanks.com/,301
https://www.coalbanks.com/wp-login.php,https://www.coalbanks.com/,301
https://www.coalbanks.com/xmlrpc.php,https://www.coalbanks.com/,301
